2023-07-09T10:54:47,"Army of Two",$activity
2023-07-09T10:54:47,"Best In Battle",$activity
2023-07-09T10:54:47,"Bloemies",$activity
2023-07-09T10:54:47,"Chaos Rising",$activity
2023-07-09T10:54:47,"Dante's Party",$activity
2023-07-09T10:54:47,"Extreme Supremacy",$activity
2023-07-09T10:54:47,"Impact Gaming",$activity
2023-07-09T10:54:47,"The Lads",$activity
2023-07-09T10:54:47,"New Gaming Order",$activity
2023-07-09T10:54:47,"NGHTBYS",$activity
2023-07-09T10:54:47,"Oaks Of Wisdom",$activity
2023-07-09T10:54:47,"Throws On The Go",$activity
2023-07-09T10:54:47,"We ARE Reapers",$activity
